finding_id	kind	standing_evidence	standing_derived	evidence_cite	derived_cite	rows	remedy
c1	Contradiction	received	derived	prd§3	docs/deliverables/Disclosure ladder.md::The home surface, and IA's first open question answered[1]	f463	none
c2	Contradiction	received	derived	prd§8	docs/entities/Project.md::Project[2]	f494	decided: selection, not portfolio (issues/The vault holds many projects, and selecting one is not a portfolio)
c3	Contradiction	received	derived	prd§10	docs/actors/Professional planner.md::What admitting this actor would change[2]	f500	decided: selection, not portfolio (issues/The vault holds many projects, and selecting one is not a portfolio)
c4	Contradiction	received	derived	prd§13	docs/deliverables/Sitemap.md::The inventory[1]	f574	none
c5	Contradiction	received	derived	prd§17	docs/deliverables/Disclosure ladder.md::What each rung means concretely[3]	f610	none
c6	Contradiction	received	derived	prd§20.5	docs/deliverables/Disclosure ladder.md::What is open[4]	f632	none
c7	Contradiction	received	derived	prd§24	docs/components/Empty state.md::Anatomy[3]	f647	none
c8	Contradiction	undetermined	derived	uxd§16	docs/entities/Work package.md::Relationships[2]	f1099	none
c9	Contradiction	undetermined	derived	uxd§17	docs/business-rules/A cost rollup is derived along its axis, never stored.md::The rule[1]	f1100	none
c10	Contradiction	undetermined	derived	uxd§21	docs/deliverables/Sitemap.md::The routes[1]	f1109	none
c11	Contradiction	undetermined	derived	uxd§23	docs/components/Empty state.md::Anatomy[3]	f1115	none
c12	Contradiction	undetermined	derived	uxd§27	docs/issues/The alternative list route is a Bases view.md::Consequences[1]	f1130	none
c13	Contradiction	undetermined	derived	wireframes§A.11	docs/issues/The alternative list route is a Bases view.md::Alternatives rejected[2]	f1220	none
c14	Contradiction	undetermined	derived	wireframes§A.19	docs/issues/The alternative list route is a Bases view.md::Alternatives rejected[3]	f1246	none
c15	Contradiction	undetermined	derived	gallery§Shared vocabulary > Modal	docs/business-rules/A delete reports what references it and offers four choices.md::Rule[2]	r6	none
c16	Contradiction	undetermined	derived	gallery§Inspector Anatomy (Properties + Actions sections only, no Relations section)	docs/components/Inspector.md::Anatomy[2]	r110	none
c17	Contradiction	undetermined	derived	gallery§Inspector Actions (Edit, Duplicate, Link note, Delete — 4 shown, not 7; missing Create Work Package, Add Cost, Add Task)	docs/components/Inspector.md::Anatomy[3]	r111	none
c18	Contradiction	undetermined	derived	"gallery§Left rail Anatomy (shows only Objects and Assets sections; Layer toggle is a separate standalone specimen ""the only note of the seventeen with no slice that builds it"")"	docs/components/Left rail.md::Anatomy[1]	r138	none
c19	Contradiction	undetermined	derived	gallery§Left rail (only two sections rendered — Objects populated, Assets empty — no Layers section to have its own empty state)	docs/components/Left rail.md::States[2]	r141	none
c20	Contradiction	undetermined	derived	"gallery§Left rail (section headers rendered as `<h4 class=""rp-section-head"">`, not h2)"	docs/components/Left rail.md::Accessibility[1]	r145	none
c21	Contradiction	undetermined	derived	"gallery§Modal Anatomy (actions shown: Cancel, Reassign, Delete anyway — 3, not 4; ""Remove References"" missing)"	docs/components/Modal.md::Anatomy[3]	r161	none
c22	Contradiction	undetermined	derived	gallery§Chrome/Tool button	docs/components/Tool button.md::States[2]	r261	none
c23	Contradiction	received	derived	"prd§Feature 2.4 (Initial Areas): ""create initial spaces such as: kitchen, bathroom, living room, bedroom, hallway, garden, terrace."""	docs/entities/Outdoor area.md::name	r459	none
c24	Contradiction	received	derived	prd§19	docs/entities/Outdoor area.md::Relationships[1]	r462	none
c25	Contradiction	received	derived	prd§19	docs/entities/Project.md::Relationships[2]	r523	none
c26	Contradiction	received	derived	prd§19	docs/entities/Site.md::Description[2]	r592	none
c27	Contradiction	undetermined	derived	uxd§6	docs/entities/Site.md::Relationships[2]	r595	none
c28	Contradiction	received	derived	"prd§Feature 5.2 (Space Detail): ""Every relevant space...Examples: kitchen, bathroom, garden, terrace, garage."""	docs/entities/Space.md::name	r599	none
c29	Contradiction	undetermined	derived	gallery§Shared vocabulary/Modal	docs/entities/Zone.md::Relationships[5]	r674	none
c30	Contradiction	undetermined	derived	gallery§Shared vocabulary/Modal	docs/entities/Zone.md::Rules[4]	r678	none
c32	Contradiction	undetermined	derived	canvas§12	docs/requirements/Photo documentation.md::Body[1]	r1068	none
c33	Contradiction	undetermined	derived	canvas§17	docs/requirements/Selection.md::Body[1]	r1168	none
c34	Contradiction	undetermined	derived	canvas§17	docs/requirements/Selection.md::Outcome[1]	r1170	none
c35	Contradiction	undetermined	derived	wireframes§A.5 New Project Wizard: Identity	docs/requirements/User Experience.md::Why this is cross-cutting rather than one epic's work[1]	r1227	none
c36	Contradiction	undetermined	derived	wireframes§A.5 New Project Wizard: Identity	docs/requirements/User Experience.md::Why this is cross-cutting rather than one epic's work[2]	r1228	none
c37	Contradiction	undetermined	derived	canvas§5. Progressive Spatial Fidelity	docs/actors/Private renovator.md::What it does to the plugin[1]	r1326	none
c38	Contradiction	received	derived	prd§6.3 Secondary Persona — Professional Planner	docs/actors/Professional planner.md::Summary[1]	r1335	none
c39	Contradiction	received	derived	prd§6.3 Secondary Persona — Professional Planner	docs/actors/Professional planner.md::What the plugin owes it today[1]	r1341	none
c40	Contradiction	undetermined	derived	prototype§2 Golden Path	docs/deliverables/Disclosure ladder.md::The ladder[1]	r1408	none
c41	Contradiction	undetermined	derived	prototype§6 Canonical Fixture	docs/deliverables/Disclosure ladder.md::The ladder[2]	r1409	none
c42	Contradiction	undetermined	derived	uxd§22 Progressive Disclosure Model	docs/deliverables/Disclosure ladder.md::The ladder[3]	r1410	none
c43	Contradiction	undetermined	derived	prototype§9 Interaction Contracts	docs/deliverables/Disclosure ladder.md::The home surface, and IA's first open question answered[2]	r1419	none
c44	Contradiction	undetermined	derived	canvas§10 Problem	docs/deliverables/Information Architecture.md::The grouping[6]	r1433	none
c45	Contradiction	undetermined	derived	prototype§9 Interaction Contracts	docs/deliverables/Information Architecture.md::Answered since, and by whom[1]	r1442	none
c46	Contradiction	undetermined	derived	uxd§5 Experience Architecture	docs/deliverables/Sitemap.md::The inventory[14]	r1463	none
c48	Contradiction	received	derived	prd§9 (Project Lifecycle)	docs/requirements/Start a renovation project.md::Assumptions[4]	r1668	none
g1	Gap	undetermined	n/a	canvas§1	-	f1a	none
g2	Gap	undetermined	n/a	canvas§1	-	f1b	none
g3	Gap	undetermined	n/a	canvas§3	-	f2	none
g4	Gap	undetermined	n/a	canvas§4	-	f5	none
g5	Gap	undetermined	n/a	canvas§5	-	f6	none
g6	Gap	undetermined	n/a	canvas§5	-	f7	none
g7	Gap	undetermined	n/a	canvas§5	-	f8	none
g8	Gap	undetermined	n/a	canvas§5	-	f9	none
g9	Gap	undetermined	n/a	canvas§6	-	f10	none
g10	Gap	undetermined	n/a	canvas§7	-	f12	none
g11	Gap	undetermined	n/a	canvas§7	-	f16	none
g12	Gap	undetermined	n/a	canvas§14	-	f22	none
g13	Gap	undetermined	n/a	canvas§14	-	f26	none
g14	Gap	undetermined	n/a	canvas§14	-	f27	none
g15	Gap	undetermined	n/a	canvas§14	-	f28	none
g16	Gap	undetermined	n/a	canvas§14	-	f29	none
g17	Gap	undetermined	n/a	canvas§16	-	f32	none
g18	Gap	undetermined	n/a	canvas§16	-	f33	none
g19	Gap	undetermined	n/a	canvas§16	-	f34	none
g20	Gap	undetermined	n/a	canvas§17	-	f35	none
g21	Gap	undetermined	n/a	canvas§19	-	f36	none
g22	Gap	undetermined	n/a	canvas§21	-	f38	none
g23	Gap	undetermined	n/a	canvas§21	-	f40	none
g24	Gap	undetermined	n/a	canvas§21	-	f41	none
g25	Gap	undetermined	n/a	canvas§21	-	f42	none
g26	Gap	undetermined	n/a	canvas§21	-	f44	none
g27	Gap	undetermined	n/a	canvas§21	-	f45	none
g28	Gap	undetermined	n/a	canvas§21	-	f46	none
g29	Gap	undetermined	n/a	canvas§22	-	f48a	none
g30	Gap	undetermined	n/a	canvas§22	-	f48b	none
g31	Gap	undetermined	n/a	canvas§23	-	f49a	none
g32	Gap	undetermined	n/a	canvas§23	-	f49b	none
g33	Gap	undetermined	n/a	canvas§24	-	f50a	none
g34	Gap	undetermined	n/a	canvas§24	-	f50b	none
g35	Gap	undetermined	n/a	canvas§25	-	f51a	none
g36	Gap	undetermined	n/a	canvas§25	-	f51b	none
g37	Gap	undetermined	n/a	canvas§25	-	f52	none
g38	Gap	undetermined	n/a	canvas§25	-	f53	none
g39	Gap	undetermined	n/a	canvas§25	-	f54	none
g40	Gap	undetermined	n/a	canvas§25	-	f55	none
g41	Gap	undetermined	n/a	canvas§25	-	f56	none
g42	Gap	undetermined	n/a	canvas§25	-	f57	none
g43	Gap	undetermined	n/a	canvas§26	-	f58	none
g44	Gap	undetermined	n/a	canvas§26	-	f59	none
g45	Gap	undetermined	n/a	canvas§26	-	f60	none
g46	Gap	undetermined	n/a	canvas§29	-	f61	none
g47	Gap	undetermined	n/a	canvas§30	-	f62a	none
g48	Gap	undetermined	n/a	canvas§30	-	f62b	none
g49	Gap	undetermined	n/a	canvas§30	-	f63a	none
g50	Gap	undetermined	n/a	canvas§30	-	f63b	none
g51	Gap	undetermined	n/a	canvas§30	-	f64a	none
g52	Gap	undetermined	n/a	canvas§30	-	f64b	none
g53	Gap	undetermined	n/a	canvas§30	-	f65a	none
g54	Gap	undetermined	n/a	canvas§30	-	f65b	none
g55	Gap	undetermined	n/a	canvas§30	-	f66a	none
g56	Gap	undetermined	n/a	canvas§30	-	f66b	none
g57	Gap	undetermined	n/a	canvas§30	-	f67a	none
g58	Gap	undetermined	n/a	canvas§30	-	f67b	none
g59	Gap	undetermined	n/a	canvas§30	-	f68a	none
g60	Gap	undetermined	n/a	canvas§30	-	f68b	none
g61	Gap	undetermined	n/a	canvas§30	-	f69a	none
g62	Gap	undetermined	n/a	canvas§30	-	f69b	none
g63	Gap	undetermined	n/a	canvas§1	-	f72	none
g64	Gap	undetermined	n/a	canvas§4	-	f75	none
g65	Gap	undetermined	n/a	canvas§4	-	f76	none
g66	Gap	undetermined	n/a	canvas§5	-	f80	none
g67	Gap	undetermined	n/a	canvas§6	-	f81	none
g68	Gap	undetermined	n/a	canvas§7	-	f82	none
g69	Gap	undetermined	n/a	canvas§10	-	f93	none
g70	Gap	undetermined	n/a	canvas§11	-	f96	none
g71	Gap	undetermined	n/a	canvas§12	-	f99	none
g72	Gap	undetermined	n/a	canvas§13	-	f102	none
g73	Gap	undetermined	n/a	canvas§14	-	f103	none
g74	Gap	undetermined	n/a	canvas§14	-	f104	none
g75	Gap	undetermined	n/a	canvas§15	-	f105	none
g76	Gap	undetermined	n/a	canvas§15	-	f106	none
g77	Gap	undetermined	n/a	canvas§15	-	f107	none
g78	Gap	undetermined	n/a	canvas§15	-	f108	none
g79	Gap	undetermined	n/a	canvas§16	-	f110	none
g80	Gap	undetermined	n/a	canvas§17	-	f111	none
g81	Gap	undetermined	n/a	canvas§18	-	f113	none
g82	Gap	undetermined	n/a	canvas§22	-	f129	none
g83	Gap	undetermined	n/a	canvas§23	-	f130	none
g84	Gap	undetermined	n/a	canvas§25	-	f133	none
g85	Gap	undetermined	n/a	canvas§28	-	f140	none
g86	Gap	undetermined	n/a	canvas§29	-	f142	none
g87	Gap	undetermined	n/a	canvas§29	-	f143	none
g88	Gap	undetermined	n/a	canvas§33	-	f159	none
g89	Gap	undetermined	n/a	canvas§34	-	f160	none
g90	Gap	undetermined	n/a	canvas§34	-	f161	none
g91	Gap	undetermined	n/a	canvas§34	-	f162	none
g92	Gap	undetermined	n/a	canvas§37	-	f175	none
g93	Gap	undetermined	n/a	canvas§37	-	f176	none
g94	Gap	undetermined	n/a	canvas§37	-	f177	none
g95	Gap	undetermined	n/a	canvas§37	-	f183	none
g96	Gap	undetermined	n/a	canvas§38	-	f184	none
g97	Gap	undetermined	n/a	gallery§SnapGuide	-	f228	none
g98	Gap	undetermined	n/a	gallery§MeasurementLabel	-	f231	none
g99	Gap	undetermined	n/a	jtbd§JTBD-002	-	f250	none
g100	Gap	undetermined	n/a	jtbd§JTBD-003	-	f251	none
g101	Gap	undetermined	n/a	jtbd§JTBD-012	-	f260	none
g102	Gap	undetermined	n/a	jtbd§JTBD-015	-	f263	none
g103	Gap	undetermined	n/a	jtbd§JTBD-018	-	f266	none
g104	Gap	undetermined	n/a	jtbd§JTBD-022	-	f270	none
g105	Gap	undetermined	n/a	jtbd§JTBD-023	-	f271	none
g106	Gap	undetermined	n/a	jtbd§JTBD-031	-	f279	none
g107	Gap	undetermined	n/a	jtbd§JTBD-032	-	f280	none
g108	Gap	undetermined	n/a	jtbd§JTBD-033	-	f281	none
g109	Gap	undetermined	n/a	jtbd§JTBD-036	-	f284	none
g110	Gap	undetermined	n/a	jtbd§JTBD-043	-	f291	none
g111	Gap	undetermined	n/a	jtbd§JTBD-047	-	f295	none
g112	Gap	undetermined	n/a	jtbd§JTBD-048	-	f296	none
g113	Gap	undetermined	n/a	jtbd§JTBD-051	-	f299	none
g114	Gap	undetermined	n/a	jtbd§JTBD-052	-	f300	none
g115	Gap	undetermined	n/a	jtbd§JTBD-053	-	f301	none
g116	Gap	undetermined	n/a	jtbd§JTBD-054	-	f302	none
g117	Gap	undetermined	n/a	jtbd§JTBD-055	-	f303	none
g118	Gap	undetermined	n/a	jtbd§JTBD-057	-	f305	none
g119	Gap	undetermined	n/a	jtbd§JTBD-062	-	f310	none
g120	Gap	undetermined	n/a	jtbd§JTBD-063	-	f311	none
g121	Gap	undetermined	n/a	jtbd§how-to-use	-	f312	none
g122	Gap	undetermined	n/a	jtbd§research-evidence-standard	-	f313	none
g123	Gap	undetermined	n/a	jtbd§research-evidence-standard	-	f314	none
g124	Gap	undetermined	n/a	jtbd§research-evidence-standard	-	f315	none
g125	Gap	undetermined	n/a	jtbd§research-evidence-standard	-	f316	none
g126	Gap	undetermined	n/a	jtbd§research-evidence-standard	-	f317	none
g127	Gap	undetermined	n/a	jtbd§research-evidence-standard	-	f318	none
g128	Gap	undetermined	n/a	jtbd§important-product-research-principle	-	f319	none
g129	Gap	undetermined	n/a	jtbd§landscape	-	f320	none
g130	Gap	undetermined	n/a	jtbd§tier-1	-	f321a	none
g131	Gap	undetermined	n/a	jtbd§tier-1	-	f321b	none
g132	Gap	undetermined	n/a	jtbd§important-product-research-principle	-	f322	none
g133	Gap	undetermined	n/a	jtbd§how-to-use	-	f323	none
g138	Gap	undetermined	n/a	jtbd§JTBD-054	-	f333	none
g139	Gap	undetermined	n/a	jtbd§JTBD-061	-	f334	none
g140	Gap	undetermined	n/a	jtbd§JTBD-044	-	f336	none
g141	Gap	undetermined	n/a	jtbd§JTBD-050	-	f337	none
g142	Gap	undetermined	n/a	jtbd§landscape	-	f339	none
g143	Gap	undetermined	n/a	jtbd§JTBD-028	-	f344	none
g144	Gap	undetermined	n/a	jtbd§JTBD-023	-	f345	none
g145	Gap	undetermined	n/a	jtbd§JTBD-043	-	f346	none
g146	Gap	received	n/a	prd§8	-	f350a	backlog gains a note
g147	Gap	received	n/a	prd§8	-	f350b	backlog gains a note
g148	Gap	received	n/a	prd§8	-	f351a	backlog gains a note
g149	Gap	received	n/a	prd§8	-	f351b	backlog gains a note
g150	Gap	received	n/a	prd§8	-	f352a	backlog gains a note
g151	Gap	received	n/a	prd§8	-	f352b	backlog gains a note
g152	Gap	received	n/a	prd§8	-	f353a	backlog gains a note
g153	Gap	received	n/a	prd§8	-	f353b	backlog gains a note
g154	Gap	received	n/a	prd§8	-	f354a	backlog gains a note
g156	Gap	received	n/a	prd§8	-	f355a	backlog gains a note
g159	Gap	received	n/a	prd§8	-	f357a	backlog gains a note
g160	Gap	received	n/a	prd§8	-	f357b	backlog gains a note
g161	Gap	received	n/a	prd§9	-	f358	backlog gains a note
g162	Gap	received	n/a	prd§9	-	f359	backlog gains a note
g163	Gap	received	n/a	prd§9	-	f360	backlog gains a note
g164	Gap	received	n/a	prd§9	-	f361	backlog gains a note
g165	Gap	received	n/a	prd§9	-	f362	backlog gains a note
g166	Gap	received	n/a	prd§9	-	f363	backlog gains a note
g167	Gap	received	n/a	prd§9	-	f364	backlog gains a note
g168	Gap	received	n/a	prd§10	-	f365a	backlog gains a note
g169	Gap	received	n/a	prd§10	-	f365b	backlog gains a note
g170	Gap	received	n/a	prd§11	-	f366a	backlog gains a note
g171	Gap	received	n/a	prd§11	-	f366b	backlog gains a note
g172	Gap	received	n/a	prd§11	-	f367	backlog gains a note
g173	Gap	received	n/a	prd§11	-	f368	backlog gains a note
g174	Gap	received	n/a	prd§11	-	f369	backlog gains a note
g175	Gap	received	n/a	prd§11	-	f370	backlog gains a note
g176	Gap	received	n/a	prd§11	-	f371	backlog gains a note
g177	Gap	received	n/a	prd§11	-	f372	backlog gains a note
g178	Gap	received	n/a	prd§11	-	f373	backlog gains a note
g179	Gap	received	n/a	prd§11	-	f374	backlog gains a note
g180	Gap	received	n/a	prd§11	-	f375	backlog gains a note
g181	Gap	received	n/a	prd§12	-	f376a	backlog gains a note
g182	Gap	received	n/a	prd§12	-	f377	backlog gains a note
g183	Gap	received	n/a	prd§12	-	f378	backlog gains a note
g184	Gap	received	n/a	prd§12	-	f379	backlog gains a note
g185	Gap	received	n/a	prd§12	-	f380	backlog gains a note
g186	Gap	received	n/a	prd§12	-	f381	backlog gains a note
g187	Gap	received	n/a	prd§13	-	f382	backlog gains a note
g188	Gap	received	n/a	prd§13	-	f383	backlog gains a note
g189	Gap	received	n/a	prd§13	-	f384	backlog gains a note
g190	Gap	received	n/a	prd§13	-	f385	backlog gains a note
g191	Gap	received	n/a	prd§14	-	f386a	backlog gains a note
g192	Gap	received	n/a	prd§14	-	f386b	backlog gains a note
g193	Gap	received	n/a	prd§14	-	f387a	backlog gains a note
g194	Gap	received	n/a	prd§14	-	f387b	backlog gains a note
g195	Gap	received	n/a	prd§14	-	f388	backlog gains a note
g196	Gap	received	n/a	prd§15	-	f389	backlog gains a note
g197	Gap	received	n/a	prd§15	-	f390	backlog gains a note
g198	Gap	received	n/a	prd§15	-	f391	backlog gains a note
g199	Gap	received	n/a	prd§15	-	f392	backlog gains a note
g200	Gap	received	n/a	prd§16	-	f393	backlog gains a note
g201	Gap	received	n/a	prd§16	-	f394	backlog gains a note
g202	Gap	received	n/a	prd§16	-	f395	backlog gains a note
g203	Gap	received	n/a	prd§16	-	f396	backlog gains a note
g204	Gap	received	n/a	prd§17	-	f397	backlog gains a note
g205	Gap	received	n/a	prd§17	-	f398	backlog gains a note
g206	Gap	received	n/a	prd§17	-	f399	backlog gains a note
g207	Gap	received	n/a	prd§17	-	f400	backlog gains a note
g208	Gap	received	n/a	prd§18	-	f401a	backlog gains a note
g209	Gap	received	n/a	prd§18	-	f401b	backlog gains a note
g210	Gap	received	n/a	prd§18	-	f402	backlog gains a note
g211	Gap	received	n/a	prd§18	-	f403	backlog gains a note
g212	Gap	received	n/a	prd§19	-	f404a	backlog gains a note
g214	Gap	received	n/a	prd§22	-	f405	backlog gains a note
g215	Gap	received	n/a	prd§22	-	f406	backlog gains a note
g216	Gap	received	n/a	prd§23	-	f407a	backlog gains a note
g217	Gap	received	n/a	prd§23	-	f407b	backlog gains a note
g218	Gap	received	n/a	prd§23	-	f408a	backlog gains a note
g219	Gap	received	n/a	prd§23	-	f408b	backlog gains a note
g220	Gap	received	n/a	prd§23	-	f409a	backlog gains a note
g221	Gap	received	n/a	prd§23	-	f409b	backlog gains a note
g222	Gap	received	n/a	prd§23	-	f410a	backlog gains a note
g223	Gap	received	n/a	prd§23	-	f410b	backlog gains a note
g224	Gap	received	n/a	prd§23	-	f411	backlog gains a note
g225	Gap	received	n/a	prd§24	-	f412	backlog gains a note
g226	Gap	received	n/a	prd§24	-	f413	backlog gains a note
g227	Gap	received	n/a	prd§24	-	f414	backlog gains a note
g228	Gap	received	n/a	prd§24	-	f415	backlog gains a note
g229	Gap	received	n/a	prd§33	-	f416a	backlog gains a note
g230	Gap	received	n/a	prd§33	-	f416b	backlog gains a note
g231	Gap	received	n/a	prd§35	-	f417	backlog gains a note
g232	Gap	received	n/a	prd§35	-	f418	backlog gains a note
g233	Gap	received	n/a	prd§35	-	f419	backlog gains a note
g234	Gap	received	n/a	prd§35	-	f420	backlog gains a note
g235	Gap	received	n/a	prd§35	-	f421	backlog gains a note
g236	Gap	received	n/a	prd§35	-	f422	backlog gains a note
g237	Gap	received	n/a	prd§35	-	f423	backlog gains a note
g238	Gap	received	n/a	prd§36	-	f424	backlog gains a note
g239	Gap	received	n/a	prd§36	-	f425	backlog gains a note
g240	Gap	received	n/a	prd§36	-	f426	backlog gains a note
g241	Gap	received	n/a	prd§36	-	f427	backlog gains a note
g242	Gap	received	n/a	prd§36	-	f428	backlog gains a note
g243	Gap	received	n/a	prd§21	-	f438	backlog gains a note
g244	Gap	received	n/a	prd§21	-	f440	backlog gains a note
g245	Gap	received	n/a	prd§21	-	f444	backlog gains a note
g246	Gap	received	n/a	prd§1	-	f449	backlog gains a note
g247	Gap	received	n/a	prd§1	-	f451	backlog gains a note
g248	Gap	received	n/a	prd§1	-	f453	backlog gains a note
g249	Gap	received	n/a	prd§1	-	f456	backlog gains a note
g250	Gap	received	n/a	prd§3	-	f458	backlog gains a note
g251	Gap	received	n/a	prd§3	-	f459	backlog gains a note
g252	Gap	received	n/a	prd§3	-	f461	backlog gains a note
g253	Gap	received	n/a	prd§4	-	f468	backlog gains a note
g254	Gap	received	n/a	prd§4	-	f469	backlog gains a note
g255	Gap	received	n/a	prd§4	-	f470	backlog gains a note
g256	Gap	received	n/a	prd§4	-	f471	backlog gains a note
g257	Gap	received	n/a	prd§4	-	f473	backlog gains a note
g258	Gap	received	n/a	prd§4	-	f474	backlog gains a note
g259	Gap	received	n/a	prd§5	-	f477	backlog gains a note
g260	Gap	received	n/a	prd§5	-	f480	backlog gains a note
g261	Gap	received	n/a	prd§5	-	f481	backlog gains a note
g262	Gap	received	n/a	prd§5	-	f483	backlog gains a note
g263	Gap	received	n/a	prd§5	-	f485	backlog gains a note
g264	Gap	received	n/a	prd§7-jtbd-02	-	f489	backlog gains a note
g265	Gap	received	n/a	prd§7-jtbd-03	-	f490	backlog gains a note
g266	Gap	received	n/a	prd§7-jtbd-05	-	f492	backlog gains a note
g267	Gap	received	n/a	prd§7-jtbd-06	-	f493	backlog gains a note
g268	Gap	received	n/a	prd§9	-	f496	backlog gains a note
g269	Gap	received	n/a	prd§9	-	f498	backlog gains a note
g270	Gap	received	n/a	prd§10	-	f499	backlog gains a note
g271	Gap	received	n/a	prd§10	-	f501	backlog gains a note
g272	Gap	received	n/a	prd§10	-	f504	backlog gains a note
g273	Gap	received	n/a	prd§10	-	f506	backlog gains a note
g274	Gap	received	n/a	prd§10	-	f508	backlog gains a note
g275	Gap	received	n/a	prd§10	-	f509	backlog gains a note
g276	Gap	received	n/a	prd§10	-	f510	backlog gains a note
g277	Gap	received	n/a	prd§10	-	f511	backlog gains a note
g278	Gap	received	n/a	prd§10	-	f513	backlog gains a note
g279	Gap	received	n/a	prd§10	-	f514	backlog gains a note
g280	Gap	received	n/a	prd§10	-	f516	backlog gains a note
g281	Gap	received	n/a	prd§10	-	f519	backlog gains a note
g282	Gap	received	n/a	prd§10	-	f520	backlog gains a note
g283	Gap	received	n/a	prd§11	-	f522	backlog gains a note
g284	Gap	received	n/a	prd§11	-	f523	backlog gains a note
g285	Gap	received	n/a	prd§11	-	f524	backlog gains a note
g286	Gap	received	n/a	prd§11	-	f527	backlog gains a note
g287	Gap	received	n/a	prd§11	-	f528	backlog gains a note
g288	Gap	received	n/a	prd§11	-	f530	backlog gains a note
g289	Gap	received	n/a	prd§11	-	f531	backlog gains a note
g290	Gap	received	n/a	prd§11	-	f532	backlog gains a note
g291	Gap	received	n/a	prd§11	-	f533	backlog gains a note
g292	Gap	received	n/a	prd§11	-	f535	backlog gains a note
g293	Gap	received	n/a	prd§11	-	f539	backlog gains a note
g294	Gap	received	n/a	prd§11	-	f540	backlog gains a note
g295	Gap	received	n/a	prd§11	-	f544	backlog gains a note
g296	Gap	received	n/a	prd§11	-	f545	backlog gains a note
g297	Gap	received	n/a	prd§12	-	f550	backlog gains a note
g298	Gap	received	n/a	prd§12	-	f551	backlog gains a note
g299	Gap	received	n/a	prd§12	-	f552	backlog gains a note
g300	Gap	received	n/a	prd§12	-	f555	backlog gains a note
g301	Gap	received	n/a	prd§12	-	f556	backlog gains a note
g302	Gap	received	n/a	prd§12	-	f557	backlog gains a note
g303	Gap	received	n/a	prd§12	-	f558	backlog gains a note
g304	Gap	received	n/a	prd§12	-	f559	backlog gains a note
g305	Gap	received	n/a	prd§12	-	f560	backlog gains a note
g306	Gap	received	n/a	prd§12	-	f561	backlog gains a note
g307	Gap	received	n/a	prd§12	-	f562	backlog gains a note
g308	Gap	received	n/a	prd§12	-	f563	backlog gains a note
g309	Gap	received	n/a	prd§12	-	f564	backlog gains a note
g310	Gap	received	n/a	prd§12	-	f565	backlog gains a note
g311	Gap	received	n/a	prd§12	-	f566	backlog gains a note
g312	Gap	received	n/a	prd§12	-	f567	backlog gains a note
g313	Gap	received	n/a	prd§12	-	f568	backlog gains a note
g314	Gap	received	n/a	prd§12	-	f569	backlog gains a note
g315	Gap	received	n/a	prd§13	-	f571	backlog gains a note
g316	Gap	received	n/a	prd§13	-	f572	backlog gains a note
g317	Gap	received	n/a	prd§13	-	f575	backlog gains a note
g318	Gap	received	n/a	prd§13	-	f576	backlog gains a note
g319	Gap	received	n/a	prd§13	-	f577	backlog gains a note
g320	Gap	received	n/a	prd§14	-	f580	backlog gains a note
g321	Gap	received	n/a	prd§14	-	f581	backlog gains a note
g322	Gap	received	n/a	prd§14	-	f582	backlog gains a note
g323	Gap	received	n/a	prd§14	-	f583	backlog gains a note
g324	Gap	received	n/a	prd§15	-	f587	backlog gains a note
g325	Gap	received	n/a	prd§15	-	f588	backlog gains a note
g326	Gap	received	n/a	prd§15	-	f589	backlog gains a note
g327	Gap	received	n/a	prd§15	-	f590	backlog gains a note
g328	Gap	received	n/a	prd§15	-	f591	backlog gains a note
g329	Gap	received	n/a	prd§15	-	f592	backlog gains a note
g330	Gap	received	n/a	prd§16	-	f593	backlog gains a note
g331	Gap	received	n/a	prd§16	-	f594	backlog gains a note
g332	Gap	received	n/a	prd§16	-	f595	backlog gains a note
g333	Gap	received	n/a	prd§16	-	f596	backlog gains a note
g334	Gap	received	n/a	prd§16	-	f597	backlog gains a note
g335	Gap	received	n/a	prd§16	-	f598	backlog gains a note
g336	Gap	received	n/a	prd§16	-	f599	backlog gains a note
g337	Gap	received	n/a	prd§16	-	f600	backlog gains a note
g338	Gap	received	n/a	prd§16	-	f601	backlog gains a note
g339	Gap	received	n/a	prd§16	-	f602	backlog gains a note
g340	Gap	received	n/a	prd§16	-	f603	backlog gains a note
g341	Gap	received	n/a	prd§16	-	f604	backlog gains a note
g342	Gap	received	n/a	prd§16	-	f605	backlog gains a note
g343	Gap	received	n/a	prd§16	-	f606	backlog gains a note
g344	Gap	received	n/a	prd§17	-	f613	backlog gains a note
g345	Gap	received	n/a	prd§17	-	f615	backlog gains a note
g346	Gap	received	n/a	prd§17	-	f616	backlog gains a note
g347	Gap	received	n/a	prd§18	-	f617	backlog gains a note
g348	Gap	received	n/a	prd§18	-	f618	backlog gains a note
g349	Gap	received	n/a	prd§18	-	f619	backlog gains a note
g350	Gap	received	n/a	prd§18	-	f622	backlog gains a note
g351	Gap	received	n/a	prd§18	-	f623	backlog gains a note
g352	Gap	received	n/a	prd§18	-	f625	backlog gains a note
g353	Gap	received	n/a	prd§18	-	f626	backlog gains a note
g354	Gap	received	n/a	prd§18	-	f627	backlog gains a note
g355	Gap	received	n/a	prd§20.3	-	f630	backlog gains a note
g356	Gap	received	n/a	prd§20.7	-	f634	backlog gains a note
g357	Gap	received	n/a	prd§20.7	-	f635	backlog gains a note
g358	Gap	received	n/a	prd§20.7	-	f636	backlog gains a note
g359	Gap	received	n/a	prd§22	-	f642	backlog gains a note
g360	Gap	received	n/a	prd§22	-	f643	backlog gains a note
g361	Gap	received	n/a	prd§25	-	f655	backlog gains a note
g362	Gap	received	n/a	prd§25	-	f656	backlog gains a note
g363	Gap	received	n/a	prd§27	-	f664	backlog gains a note
g364	Gap	received	n/a	prd§27	-	f665	backlog gains a note
g365	Gap	received	n/a	prd§28	-	f668	backlog gains a note
g366	Gap	received	n/a	prd§28	-	f669	backlog gains a note
g367	Gap	received	n/a	prd§28	-	f671	backlog gains a note
g368	Gap	received	n/a	prd§28	-	f672	backlog gains a note
g369	Gap	received	n/a	prd§29	-	f674	backlog gains a note
g370	Gap	received	n/a	prd§29	-	f675	backlog gains a note
g371	Gap	received	n/a	prd§29	-	f677	backlog gains a note
g372	Gap	received	n/a	prd§29	-	f678	backlog gains a note
g373	Gap	received	n/a	prd§31	-	f685	backlog gains a note
g374	Gap	received	n/a	prd§32	-	f688	backlog gains a note
g375	Gap	received	n/a	prd§33	-	f693	backlog gains a note
g376	Gap	received	n/a	prd§33	-	f701	backlog gains a note
g377	Gap	received	n/a	prd§33	-	f702	backlog gains a note
g378	Gap	received	n/a	prd§33	-	f703	backlog gains a note
g379	Gap	received	n/a	prd§33	-	f704	backlog gains a note
g380	Gap	received	n/a	prd§34	-	f707	backlog gains a note
g381	Gap	received	n/a	prd§34	-	f708	backlog gains a note
g382	Gap	received	n/a	prd§34	-	f709	backlog gains a note
g383	Gap	received	n/a	prd§34	-	f710	backlog gains a note
g384	Gap	received	n/a	prd§34	-	f711	backlog gains a note
g385	Gap	received	n/a	prd§34	-	f713	backlog gains a note
g386	Gap	received	n/a	prd§34	-	f714	backlog gains a note
g387	Gap	received	n/a	prd§34	-	f715	backlog gains a note
g388	Gap	received	n/a	prd§34	-	f716	backlog gains a note
g389	Gap	received	n/a	prd§34	-	f719	backlog gains a note
g390	Gap	received	n/a	prd§35	-	f720	backlog gains a note
g391	Gap	received	n/a	prd§35	-	f723	backlog gains a note
g392	Gap	received	n/a	prd§35	-	f725	backlog gains a note
g393	Gap	received	n/a	prd§36	-	f729	backlog gains a note
g394	Gap	received	n/a	prd§36	-	f731	backlog gains a note
g395	Gap	received	n/a	prd§36	-	f732	backlog gains a note
g396	Gap	received	n/a	prd§36	-	f733	backlog gains a note
g397	Gap	received	n/a	prd§36	-	f734	backlog gains a note
g398	Gap	received	n/a	prd§36	-	f739	backlog gains a note
g399	Gap	received	n/a	prd§38	-	f741	backlog gains a note
g400	Gap	received	n/a	prd§38	-	f746	backlog gains a note
g401	Gap	received	n/a	prd§38	-	f747	backlog gains a note
g402	Gap	received	n/a	prd§38	-	f748	backlog gains a note
g403	Gap	received	n/a	prd§38	-	f751	backlog gains a note
g404	Gap	undetermined	n/a	prototype§2	-	f761a	none
g405	Gap	undetermined	n/a	prototype§2	-	f761b	none
g406	Gap	undetermined	n/a	prototype§2	-	f762a	none
g407	Gap	undetermined	n/a	prototype§2	-	f762b	none
g408	Gap	undetermined	n/a	prototype§2	-	f763b	none
g409	Gap	undetermined	n/a	prototype§2	-	f764a	none
g410	Gap	undetermined	n/a	prototype§2	-	f765a	none
g411	Gap	undetermined	n/a	prototype§2	-	f765b	none
g412	Gap	undetermined	n/a	prototype§2	-	f766a	none
g413	Gap	undetermined	n/a	prototype§2	-	f766b	none
g414	Gap	undetermined	n/a	prototype§2	-	f767a	none
g415	Gap	undetermined	n/a	prototype§2	-	f767b	none
g416	Gap	undetermined	n/a	prototype§2	-	f768a	none
g417	Gap	undetermined	n/a	prototype§2	-	f768b	none
g418	Gap	undetermined	n/a	prototype§4	-	f769a	none
g419	Gap	undetermined	n/a	prototype§4	-	f769b	none
g420	Gap	undetermined	n/a	prototype§4	-	f770a	none
g421	Gap	undetermined	n/a	prototype§4	-	f770b	none
g422	Gap	undetermined	n/a	prototype§4	-	f771a	none
g423	Gap	undetermined	n/a	prototype§4	-	f771b	none
g424	Gap	undetermined	n/a	prototype§4	-	f772a	none
g427	Gap	undetermined	n/a	prototype§4	-	f774a	none
g428	Gap	undetermined	n/a	prototype§4	-	f774b	none
g429	Gap	undetermined	n/a	prototype§6	-	f775	none
g430	Gap	undetermined	n/a	prototype§7	-	f776	none
g431	Gap	undetermined	n/a	prototype§7	-	f777	none
g432	Gap	undetermined	n/a	prototype§7	-	f778	none
g433	Gap	undetermined	n/a	prototype§7	-	f779	none
g434	Gap	undetermined	n/a	prototype§8	-	f780	none
g435	Gap	undetermined	n/a	prototype§8	-	f781	none
g436	Gap	undetermined	n/a	prototype§8	-	f782	none
g437	Gap	undetermined	n/a	prototype§8	-	f783	none
g438	Gap	undetermined	n/a	prototype§8	-	f784	none
g439	Gap	undetermined	n/a	prototype§8	-	f785	none
g440	Gap	undetermined	n/a	prototype§8	-	f786	none
g441	Gap	undetermined	n/a	prototype§8	-	f787	none
g442	Gap	undetermined	n/a	prototype§8	-	f790	none
g443	Gap	undetermined	n/a	prototype§8	-	f791	none
g444	Gap	undetermined	n/a	prototype§8	-	f792	none
g445	Gap	undetermined	n/a	prototype§8	-	f794	none
g446	Gap	undetermined	n/a	prototype§8	-	f795	none
g447	Gap	undetermined	n/a	prototype§8	-	f796	none
g448	Gap	undetermined	n/a	prototype§8	-	f797	none
g449	Gap	undetermined	n/a	prototype§9	-	f798a	none
g450	Gap	undetermined	n/a	prototype§9	-	f798b	none
g451	Gap	undetermined	n/a	prototype§9	-	f799a	none
g452	Gap	undetermined	n/a	prototype§9	-	f799b	none
g453	Gap	undetermined	n/a	prototype§9	-	f800a	none
g454	Gap	undetermined	n/a	prototype§9	-	f800b	none
g455	Gap	undetermined	n/a	prototype§9	-	f801a	none
g456	Gap	undetermined	n/a	prototype§9	-	f801b	none
g457	Gap	undetermined	n/a	prototype§9	-	f802a	none
g458	Gap	undetermined	n/a	prototype§9	-	f802b	none
g459	Gap	undetermined	n/a	prototype§9	-	f803a	none
g460	Gap	undetermined	n/a	prototype§9	-	f803b	none
g461	Gap	undetermined	n/a	prototype§9	-	f804a	none
g462	Gap	undetermined	n/a	prototype§9	-	f804b	none
g463	Gap	undetermined	n/a	prototype§11	-	f805a	none
g464	Gap	undetermined	n/a	prototype§11	-	f805b	none
g465	Gap	undetermined	n/a	prototype§11	-	f806a	none
g466	Gap	undetermined	n/a	prototype§11	-	f806b	none
g467	Gap	undetermined	n/a	prototype§11	-	f807a	none
g468	Gap	undetermined	n/a	prototype§11	-	f807b	none
g469	Gap	undetermined	n/a	prototype§13	-	f808	none
g470	Gap	undetermined	n/a	prototype§7	-	f817	none
g471	Gap	undetermined	n/a	prototype§7	-	f824	none
g472	Gap	undetermined	n/a	prototype§8	-	f828	none
g473	Gap	undetermined	n/a	prototype§8	-	f831	none
g474	Gap	undetermined	n/a	prototype§9	-	f837	none
g475	Gap	undetermined	n/a	prototype§9	-	f839	none
g476	Gap	undetermined	n/a	prototype§9	-	f842	none
g477	Gap	undetermined	n/a	prototype§9	-	f846	none
g478	Gap	undetermined	n/a	prototype§9	-	f850	none
g479	Gap	undetermined	n/a	prototype§9	-	f851	none
g480	Gap	undetermined	n/a	prototype§9	-	f852	none
g481	Gap	undetermined	n/a	prototype§9	-	f853	none
g482	Gap	undetermined	n/a	prototype§9	-	f854	none
g483	Gap	undetermined	n/a	prototype§12	-	f862	none
g484	Gap	undetermined	n/a	prototype§12	-	f865	none
g485	Gap	undetermined	n/a	prototype§14	-	f875	none
g486	Gap	undetermined	n/a	prototype§15	-	f882	none
g487	Gap	undetermined	n/a	prototype§15	-	f883	none
g488	Gap	undetermined	n/a	prototype§15	-	f884	none
g489	Gap	undetermined	n/a	prototype§15	-	f891	none
g490	Gap	undetermined	n/a	prototype§3	-	f896	none
g491	Gap	undetermined	n/a	prototype§3	-	f900	none
g492	Gap	undetermined	n/a	prototype§3	-	f901	none
g493	Gap	undetermined	n/a	prototype§3	-	f906	none
g494	Gap	undetermined	n/a	prototype§13	-	f907	none
g495	Gap	undetermined	n/a	prototype§13	-	f909	none
g496	Gap	undetermined	n/a	prototype§13	-	f910	none
g497	Gap	undetermined	n/a	prototype§13	-	f912	none
g498	Gap	undetermined	n/a	research§4.1	-	f914	none
g499	Gap	undetermined	n/a	research§4.2	-	f915	none
g500	Gap	undetermined	n/a	research§4.3	-	f916	none
g501	Gap	undetermined	n/a	research§4.4	-	f917	none
g502	Gap	undetermined	n/a	research§4.5	-	f918	none
g503	Gap	undetermined	n/a	research§6	-	f919a	none
g504	Gap	undetermined	n/a	research§6	-	f920	none
g505	Gap	undetermined	n/a	research§7	-	f921	none
g506	Gap	undetermined	n/a	research§7	-	f922	none
g507	Gap	undetermined	n/a	research§7	-	f923	none
g508	Gap	undetermined	n/a	research§25	-	f924	none
g509	Gap	undetermined	n/a	research§25	-	f925	none
g510	Gap	undetermined	n/a	research§9	-	f926	none
g511	Gap	undetermined	n/a	research§24	-	f927	none
g512	Gap	undetermined	n/a	research§24	-	f928	none
g513	Gap	undetermined	n/a	research§24	-	f929	none
g514	Gap	undetermined	n/a	research§24	-	f930	none
g515	Gap	undetermined	n/a	research§24	-	f931	none
g516	Gap	undetermined	n/a	research§24	-	f932	none
g517	Gap	undetermined	n/a	research§24	-	f933	none
g518	Gap	undetermined	n/a	research§24	-	f934	none
g519	Gap	undetermined	n/a	research§24	-	f935	none
g520	Gap	undetermined	n/a	research§30	-	f936	none
g521	Gap	undetermined	n/a	research§30	-	f937	none
g522	Gap	undetermined	n/a	research§30	-	f938	none
g523	Gap	undetermined	n/a	research§30	-	f939	none
g524	Gap	undetermined	n/a	research§30	-	f940	none
g525	Gap	undetermined	n/a	research§30	-	f941	none
g526	Gap	undetermined	n/a	research§30	-	f942	none
g527	Gap	undetermined	n/a	research§30	-	f943	none
g528	Gap	undetermined	n/a	research§30	-	f944	none
g529	Gap	undetermined	n/a	research§30	-	f945	none
g530	Gap	undetermined	n/a	research§30	-	f946	none
g531	Gap	undetermined	n/a	research§30	-	f947	none
g532	Gap	undetermined	n/a	research§30	-	f948	none
g533	Gap	undetermined	n/a	research§30	-	f949	none
g534	Gap	undetermined	n/a	research§30	-	f950	none
g535	Gap	undetermined	n/a	research§30	-	f951	none
g536	Gap	undetermined	n/a	research§30	-	f952	none
g537	Gap	undetermined	n/a	research§30	-	f953	none
g538	Gap	undetermined	n/a	research§30	-	f954	none
g539	Gap	undetermined	n/a	research§30	-	f955	none
g540	Gap	undetermined	n/a	research§31	-	f956	none
g541	Gap	undetermined	n/a	research§31	-	f957	none
g542	Gap	undetermined	n/a	research§31	-	f958	none
g543	Gap	undetermined	n/a	research§31	-	f959	none
g544	Gap	undetermined	n/a	research§31	-	f960	none
g545	Gap	undetermined	n/a	research§31	-	f961	none
g546	Gap	undetermined	n/a	research§31	-	f962	none
g547	Gap	undetermined	n/a	research§31	-	f963	none
g548	Gap	undetermined	n/a	research§8	-	f971	none
g549	Gap	undetermined	n/a	research§12	-	f981	none
g550	Gap	undetermined	n/a	research§15	-	f989	none
g551	Gap	undetermined	n/a	research§17	-	f993	none
g552	Gap	undetermined	n/a	research§23	-	f1001	none
g553	Gap	undetermined	n/a	research§31	-	f1003	none
g554	Gap	undetermined	n/a	uxd§5	-	f1010	none
g555	Gap	undetermined	n/a	uxd§5	-	f1011	none
g556	Gap	undetermined	n/a	uxd§5	-	f1012	none
g557	Gap	undetermined	n/a	uxd§7	-	f1013	none
g558	Gap	undetermined	n/a	uxd§7	-	f1014	none
g559	Gap	undetermined	n/a	uxd§6	-	f1015	none
g560	Gap	undetermined	n/a	uxd§6	-	f1017	none
g561	Gap	undetermined	n/a	uxd§6	-	f1019a	none
g563	Gap	undetermined	n/a	uxd§28	-	f1020a	none
g564	Gap	undetermined	n/a	uxd§28	-	f1020b	none
g565	Gap	undetermined	n/a	uxd§28	-	f1021a	none
g566	Gap	undetermined	n/a	uxd§28	-	f1021b	none
g567	Gap	undetermined	n/a	uxd§28	-	f1022a	none
g568	Gap	undetermined	n/a	uxd§28	-	f1022b	none
g569	Gap	undetermined	n/a	uxd§28	-	f1023a	none
g571	Gap	undetermined	n/a	uxd§28	-	f1024a	none
g572	Gap	undetermined	n/a	uxd§28	-	f1024b	none
g573	Gap	undetermined	n/a	uxd§28	-	f1025a	none
g574	Gap	undetermined	n/a	uxd§28	-	f1025b	none
g575	Gap	undetermined	n/a	uxd§28	-	f1026a	none
g576	Gap	undetermined	n/a	uxd§28	-	f1026b	none
g577	Gap	undetermined	n/a	uxd§28	-	f1027a	none
g578	Gap	undetermined	n/a	uxd§28	-	f1027b	none
g579	Gap	undetermined	n/a	uxd§28	-	f1028a	none
g580	Gap	undetermined	n/a	uxd§28	-	f1028b	none
g581	Gap	undetermined	n/a	uxd§28	-	f1029b	none
g582	Gap	undetermined	n/a	uxd§28	-	f1030a	none
g583	Gap	undetermined	n/a	uxd§28	-	f1030b	none
g584	Gap	undetermined	n/a	uxd§28	-	f1031a	none
g585	Gap	undetermined	n/a	uxd§28	-	f1031b	none
g586	Gap	undetermined	n/a	uxd§28	-	f1032a	none
g587	Gap	undetermined	n/a	uxd§28	-	f1032b	none
g588	Gap	undetermined	n/a	uxd§28	-	f1033b	none
g589	Gap	undetermined	n/a	uxd§9	-	f1034a	none
g590	Gap	undetermined	n/a	uxd§9	-	f1034b	none
g591	Gap	undetermined	n/a	uxd§9	-	f1035	none
g592	Gap	undetermined	n/a	uxd§9	-	f1036	none
g593	Gap	undetermined	n/a	uxd§11	-	f1037	none
g594	Gap	undetermined	n/a	uxd§11	-	f1038	none
g595	Gap	undetermined	n/a	uxd§13	-	f1039a	none
g596	Gap	undetermined	n/a	uxd§13	-	f1039b	none
g597	Gap	undetermined	n/a	uxd§22	-	f1040	none
g598	Gap	undetermined	n/a	uxd§22	-	f1043	none
g599	Gap	undetermined	n/a	uxd§22	-	f1044	none
g600	Gap	undetermined	n/a	uxd§21	-	f1046a	none
g601	Gap	undetermined	n/a	uxd§21	-	f1046b	none
g602	Gap	undetermined	n/a	uxd§21	-	f1047a	none
g603	Gap	undetermined	n/a	uxd§21	-	f1047b	none
g604	Gap	undetermined	n/a	uxd§16	-	f1048	none
g605	Gap	undetermined	n/a	uxd§32	-	f1049	none
g606	Gap	undetermined	n/a	uxd§32	-	f1050	none
g607	Gap	undetermined	n/a	uxd§2	-	f1051	none
g608	Gap	undetermined	n/a	uxd§2	-	f1052	none
g609	Gap	undetermined	n/a	uxd§2	-	f1053	none
g610	Gap	undetermined	n/a	uxd§2	-	f1055	none
g611	Gap	undetermined	n/a	uxd§2	-	f1056	none
g612	Gap	undetermined	n/a	uxd§3	-	f1059	none
g613	Gap	undetermined	n/a	uxd§3	-	f1063	none
g614	Gap	undetermined	n/a	uxd§3	-	f1064	none
g615	Gap	undetermined	n/a	uxd§3	-	f1065	none
g616	Gap	undetermined	n/a	uxd§5	-	f1068	none
g617	Gap	undetermined	n/a	uxd§7	-	f1070	none
g618	Gap	undetermined	n/a	uxd§7	-	f1071	none
g619	Gap	undetermined	n/a	uxd§8	-	f1072	none
g620	Gap	undetermined	n/a	uxd§9	-	f1075	none
g621	Gap	undetermined	n/a	uxd§9	-	f1076	none
g622	Gap	undetermined	n/a	uxd§9	-	f1077	none
g623	Gap	undetermined	n/a	uxd§9	-	f1078	none
g624	Gap	undetermined	n/a	uxd§9	-	f1079	none
g625	Gap	undetermined	n/a	uxd§9	-	f1080	none
g626	Gap	undetermined	n/a	uxd§10	-	f1081	none
g627	Gap	undetermined	n/a	uxd§10	-	f1082	none
g628	Gap	undetermined	n/a	uxd§10	-	f1084	none
g629	Gap	undetermined	n/a	uxd§10	-	f1085	none
g630	Gap	undetermined	n/a	uxd§10	-	f1086	none
g631	Gap	undetermined	n/a	uxd§11	-	f1087	none
g632	Gap	undetermined	n/a	uxd§11	-	f1088	none
g633	Gap	undetermined	n/a	uxd§12	-	f1089	none
g634	Gap	undetermined	n/a	uxd§13	-	f1090	none
g635	Gap	undetermined	n/a	uxd§13	-	f1091	none
g636	Gap	undetermined	n/a	uxd§13	-	f1092	none
g637	Gap	undetermined	n/a	uxd§14	-	f1094	none
g638	Gap	undetermined	n/a	uxd§14	-	f1095	none
g639	Gap	undetermined	n/a	uxd§15	-	f1096	none
g640	Gap	undetermined	n/a	uxd§18	-	f1104	none
g641	Gap	undetermined	n/a	uxd§19	-	f1105	none
g642	Gap	undetermined	n/a	uxd§19	-	f1106	none
g643	Gap	undetermined	n/a	uxd§21	-	f1111	none
g644	Gap	undetermined	n/a	uxd§21	-	f1112	none
g645	Gap	undetermined	n/a	uxd§21	-	f1113	none
g646	Gap	undetermined	n/a	uxd§24	-	f1117	none
g647	Gap	undetermined	n/a	uxd§24	-	f1120	none
g648	Gap	undetermined	n/a	uxd§26	-	f1123	none
g649	Gap	undetermined	n/a	uxd§26	-	f1124	none
g650	Gap	undetermined	n/a	uxd§26	-	f1125	none
g651	Gap	undetermined	n/a	uxd§26	-	f1126	none
g652	Gap	undetermined	n/a	uxd§26	-	f1127	none
g653	Gap	undetermined	n/a	uxd§26	-	f1128	none
g654	Gap	undetermined	n/a	uxd§27	-	f1129	none
g655	Gap	undetermined	n/a	uxd§27	-	f1131	none
g656	Gap	undetermined	n/a	uxd§27	-	f1133	none
g657	Gap	undetermined	n/a	uxd§27	-	f1134	none
g658	Gap	undetermined	n/a	uxd§29	-	f1143	none
g659	Gap	undetermined	n/a	uxd§29	-	f1144	none
g660	Gap	undetermined	n/a	uxd§29	-	f1146	none
g661	Gap	undetermined	n/a	uxd§29	-	f1147	none
g662	Gap	undetermined	n/a	uxd§30	-	f1150	none
g663	Gap	undetermined	n/a	uxd§34	-	f1153	none
g664	Gap	undetermined	n/a	wireframes§A.2	-	f1154	none
g665	Gap	undetermined	n/a	wireframes§A.2	-	f1155a	none
g666	Gap	undetermined	n/a	wireframes§A.2	-	f1155b	none
g667	Gap	undetermined	n/a	wireframes§A.2	-	f1156a	none
g668	Gap	undetermined	n/a	wireframes§A.2	-	f1156b	none
g669	Gap	undetermined	n/a	wireframes§A.2	-	f1157a	none
g671	Gap	undetermined	n/a	wireframes§A.2	-	f1158a	none
g674	Gap	undetermined	n/a	wireframes§A.2	-	f1160a	none
g675	Gap	undetermined	n/a	wireframes§A.2	-	f1160b	none
g676	Gap	undetermined	n/a	wireframes§A.1	-	f1161a	none
g677	Gap	undetermined	n/a	wireframes§A.1	-	f1161b	none
g678	Gap	undetermined	n/a	wireframes§A.3	-	f1162a	none
g679	Gap	undetermined	n/a	wireframes§A.3	-	f1162b	none
g680	Gap	undetermined	n/a	wireframes§A.3	-	f1163b	none
g681	Gap	undetermined	n/a	wireframes§A.4	-	f1164a	none
g682	Gap	undetermined	n/a	wireframes§A.4	-	f1164b	none
g683	Gap	undetermined	n/a	wireframes§A.4	-	f1165a	none
g684	Gap	undetermined	n/a	wireframes§A.4	-	f1165b	none
g685	Gap	undetermined	n/a	wireframes§A.4	-	f1166a	none
g686	Gap	undetermined	n/a	wireframes§A.4	-	f1166b	none
g687	Gap	undetermined	n/a	wireframes§A.4	-	f1167	none
g688	Gap	undetermined	n/a	wireframes§A.5	-	f1168a	none
g689	Gap	undetermined	n/a	wireframes§A.5	-	f1168b	none
g690	Gap	undetermined	n/a	wireframes§A.5	-	f1169a	none
g691	Gap	undetermined	n/a	wireframes§A.5	-	f1169b	none
g692	Gap	undetermined	n/a	wireframes§A.6	-	f1170a	none
g693	Gap	undetermined	n/a	wireframes§A.6	-	f1170b	none
g694	Gap	undetermined	n/a	wireframes§A.7	-	f1171a	none
g695	Gap	undetermined	n/a	wireframes§A.7	-	f1171b	none
g696	Gap	undetermined	n/a	wireframes§A.7	-	f1172	none
g697	Gap	undetermined	n/a	wireframes§A.7	-	f1173	none
g698	Gap	undetermined	n/a	wireframes§A.7	-	f1174	none
g699	Gap	undetermined	n/a	wireframes§A.8	-	f1175a	none
g700	Gap	undetermined	n/a	wireframes§A.8	-	f1175b	none
g701	Gap	undetermined	n/a	wireframes§A.9	-	f1176a	none
g702	Gap	undetermined	n/a	wireframes§A.9	-	f1176b	none
g703	Gap	undetermined	n/a	wireframes§A.10	-	f1177a	none
g705	Gap	undetermined	n/a	wireframes§A.10	-	f1178	none
g706	Gap	undetermined	n/a	wireframes§A.10	-	f1179	none
g707	Gap	undetermined	n/a	wireframes§A.11	-	f1180a	none
g708	Gap	undetermined	n/a	wireframes§A.11	-	f1180b	none
g709	Gap	undetermined	n/a	wireframes§A.12	-	f1181a	none
g710	Gap	undetermined	n/a	wireframes§A.12	-	f1181b	none
g711	Gap	undetermined	n/a	wireframes§A.13	-	f1182a	none
g712	Gap	undetermined	n/a	wireframes§A.13	-	f1182b	none
g713	Gap	undetermined	n/a	wireframes§A.13	-	f1183	none
g714	Gap	undetermined	n/a	wireframes§A.13	-	f1184a	none
g715	Gap	undetermined	n/a	wireframes§A.13	-	f1184b	none
g716	Gap	undetermined	n/a	wireframes§A.13	-	f1185a	none
g717	Gap	undetermined	n/a	wireframes§A.13	-	f1185b	none
g718	Gap	undetermined	n/a	wireframes§A.13	-	f1186a	none
g719	Gap	undetermined	n/a	wireframes§A.13	-	f1186b	none
g720	Gap	undetermined	n/a	wireframes§A.14	-	f1187a	none
g721	Gap	undetermined	n/a	wireframes§A.14	-	f1187b	none
g722	Gap	undetermined	n/a	wireframes§A.14	-	f1188	none
g723	Gap	undetermined	n/a	wireframes§A.1	-	f1189a	none
g724	Gap	undetermined	n/a	wireframes§A.1	-	f1189b	none
g725	Gap	undetermined	n/a	wireframes§A.15	-	f1190a	none
g726	Gap	undetermined	n/a	wireframes§A.15	-	f1190b	none
g727	Gap	undetermined	n/a	wireframes§A.15	-	f1191a	none
g728	Gap	undetermined	n/a	wireframes§A.15	-	f1191b	none
g729	Gap	undetermined	n/a	wireframes§A.15	-	f1192a	none
g730	Gap	undetermined	n/a	wireframes§A.15	-	f1192b	none
g731	Gap	undetermined	n/a	wireframes§A.16	-	f1193a	none
g732	Gap	undetermined	n/a	wireframes§A.16	-	f1193b	none
g733	Gap	undetermined	n/a	wireframes§A.18	-	f1194	none
g734	Gap	undetermined	n/a	wireframes§A.23	-	f1195	none
g735	Gap	undetermined	n/a	wireframes§A.1	-	f1196	none
g736	Gap	undetermined	n/a	wireframes§A.1	-	f1197	none
g737	Gap	undetermined	n/a	wireframes§A.2	-	f1198	none
g738	Gap	undetermined	n/a	wireframes§A.2	-	f1199	none
g739	Gap	undetermined	n/a	wireframes§A.2	-	f1200	none
g740	Gap	undetermined	n/a	wireframes§A.2	-	f1202	none
g741	Gap	undetermined	n/a	wireframes§A.4	-	f1204	none
g742	Gap	undetermined	n/a	wireframes§A.4	-	f1205	none
g743	Gap	undetermined	n/a	wireframes§A.4	-	f1206	none
g744	Gap	undetermined	n/a	wireframes§A.5	-	f1209	none
g745	Gap	undetermined	n/a	wireframes§A.5	-	f1210	none
g746	Gap	undetermined	n/a	wireframes§A.6	-	f1211	none
g747	Gap	undetermined	n/a	wireframes§A.7	-	f1212	none
g748	Gap	undetermined	n/a	wireframes§A.7	-	f1213	none
g749	Gap	undetermined	n/a	wireframes§A.8	-	f1214	none
g750	Gap	undetermined	n/a	wireframes§A.8	-	f1215	none
g751	Gap	undetermined	n/a	wireframes§A.10	-	f1217	none
g752	Gap	undetermined	n/a	wireframes§A.10	-	f1218	none
g753	Gap	undetermined	n/a	wireframes§A.11	-	f1219	none
g754	Gap	undetermined	n/a	wireframes§A.12	-	f1221	none
g755	Gap	undetermined	n/a	wireframes§A.13	-	f1223	none
g756	Gap	undetermined	n/a	wireframes§A.14	-	f1224	none
g757	Gap	undetermined	n/a	wireframes§A.14	-	f1225	none
g758	Gap	undetermined	n/a	wireframes§A.16	-	f1230	none
g759	Gap	undetermined	n/a	wireframes§A.16	-	f1231	none
g760	Gap	undetermined	n/a	wireframes§A.16	-	f1232	none
g761	Gap	undetermined	n/a	wireframes§A.17	-	f1233	none
g762	Gap	undetermined	n/a	wireframes§A.17	-	f1234	none
g763	Gap	undetermined	n/a	wireframes§A.17	-	f1235	none
g764	Gap	undetermined	n/a	wireframes§A.17	-	f1236	none
g765	Gap	undetermined	n/a	wireframes§A.17	-	f1237	none
g766	Gap	undetermined	n/a	wireframes§A.17	-	f1238	none
g767	Gap	undetermined	n/a	wireframes§A.19	-	f1244	none
g768	Gap	undetermined	n/a	wireframes§A.19	-	f1245	none
g769	Gap	undetermined	n/a	wireframes§A.19	-	f1247	none
g770	Gap	undetermined	n/a	wireframes§A.20	-	f1250	none
g771	Gap	undetermined	n/a	wireframes§A.21	-	f1256	none
g772	Gap	undetermined	n/a	wireframes§A.21	-	f1259	none
g773	Gap	undetermined	n/a	wireframes§A.21	-	f1260	none
g774	Gap	undetermined	n/a	wireframes§A.21	-	f1262	none
g775	Gap	undetermined	n/a	wireframes§A.21	-	f1264	none
g776	Gap	undetermined	n/a	wireframes§A.23	-	f1266	none
g777	Gap	undetermined	n/a	wireframes§A.23	-	f1267	none
c50	Contradiction	undetermined	derived	uxd§4	docs/deliverables/Disclosure ladder.md::What each rung means concretely[2]	f1009e	none
g778	Gap	undetermined	n/a	uxd§4	-	f1009g	none
g779	Gap	undetermined	n/a	research§33	-	f1291	none
